,Tweet,HS_Race
28,user user user partai komunis indonesia muncul jelang pilih kepala daerah pilih presiden goreng gosong,1
55,user user user provokasi mayat politisasi agama kalah pilih kepala daerah daerah khusus ibukota cebong deskripsi kalah junjung for your information ahok pilih camat wakil etnis mayoritas,1
76,nikmat bijak usul partai komunis indonesia iya,1
77,umpama orang cina usir paksa indonesia,1
79,user cina babi cina maling hypertext transfer protocol over secure socket layer t co 9y4hiwhjp2,1
120,sih tolol tau perintah rezim komunis bobrok koruptor pimpin sidang dewan wakil rakyat paya cebong uniform resource locator,1
122,cina usak bangsa usir tuju,1
195,rezim kendali negara cina komunis patron tunggal rezim anti islam jokowi,1
210,user tau bau bau cir sipit buluk,1
252,dukung calon presiden gagal pindah on sibuk urus asing bawa kabur uang rupiah 35 t sadar asing kabur bawa uang dukung pribumi anjing mustahil asing pribumi diam sogok mental kacung uniform resource locator,1
259,a inya pribumi sadar lihat kecuali cina komunis misionaris abai twit usir cina indonesia,1
262,user ya cina kenal wisata haram indonesia haha,1
287,pakai buruh cina rakyat anggur dasar rejim kodok,1
312,jajah bumi indonesia hapus jajah ekonomi budaya hasil bumi cina basmi negara republik indonesia usir,1
326,user baby kafir buddha teroris myanmar,1
327,indonesia merdeka indonesia jajah orang cina takbir allahu akbar uniform resource locator,1
352,user yahudi bangkai jerman ibadah,1
355,user hoaks kodok biawak roket sekop bangsat karbitan munafik,1
367,user sih royson jokowi kacung gue alas fundamental rezim sepe i sengaja masuk debt trap komunis cina north sumatera offshore wajib,1
388,waspada cina komunis indonesia,1
397,cina hak larang,1
478,user user user user user user user user user user user user user komunis abad partai komunis indonesia kecoak makan kecoak,1
526,hajar ganyang partai komunis indonesia uniform resource locator,1
538,user masyarakat tionghoa pancasialis orang jawa ekspos contoh nyata kwik ekonom ustaz felix siauw,1
564,cina cina usir ya rusak sih kerja,1
565,user ayo bangsa indonesia sih etnis cina ahok,1
583,user user cina kafir bangsat dasar komunis,1
624,user user jenderal propaganda perang propaganda jual utama partai komunis indonesia cina,1
640,partai komunis indonesia ramai ramai antek komunis opini nyata abur bangkit partai komunis indonesia,1
659,usir pasang asing cina user user user user user user user selamat hutan,1
664,muncul antek antek partai komunis indonesia berani muncul terang terang mudah mudah perintah tinggal diam uniform resource locator,1
697,user user user user user user user cebong badut nya cina kipas uang receh galak main x,1
701,cina non muslim bantai sih user cina usir,1
742,user moga etnis cina indonesia duduk perintah kayak singapura,1
753,user user indonesia jajah cina,1
776,user marak orang sipit masuk indonesia alih hati syiah ah rafidhah biang kerok ronta kudeta negara muslim ahlusunah dunia,1
782,user jago bakar isu partai komunis indonesia komunis,1
817,user anak anak partai komunis indonesia muncul jejak,1
827,user user ganyang partai komunis indonesia mari dukung prabowo 2019,1
834,user user etnis cina juang khianat antek belanda,1
876,jongos cina merdeka indonesia cina kasih,1
913,user user tenaga kerja asing cina manja,1
918,user user indonesia ambil alih cina boikot produk cina,1
951,user user user user user user user user user user user user user monyet komunis tolol,1
1047,jend suha o 1965 nasib bangsa indonesia negara komunis ateis user user user,1
1056,user hati hati orang orang kader gus dur pribumi antek cina pasang rezim keprek,1
1119,bijak indonesia be entangan cina,1
1125,usir buddha myanmar kacau sepe i myanmar,1
1167,masif cina antek komunis uniform resource locator,1
1174,isu partai komunis indonesia hembus grup grup dukung prabowo,1
1180,user user ya waspada antek komunis pintar kamuflase,1
1199,user user user monyet komunis piara cina loleng,1
1200,user antek partai komunis indonesia simpatisan proxy cina komunis benci tentara nasional indonesia panglima wajar merek,1
1291,bising cina cina nih,1
1301,pahlawan juang susah payah korban jiwa raga usir jajah eh biar negeri jajah cina mudah,1
1310,user user hebat nya teriak antek cina,1
1352,user user panas partai komunis indonesia,1
1389,user palestina antek asing,1
1415,sumbu pendek jokowi koalisi negara partai komunis indonesia jokowi partai komunis indonesia lengser jokowi pusing hamba,1
1427,user laku batak kafir ya sepe i sih user suka pecah belah umat,1
1488,ganyang partai komunis indonesia bese a antek antek,1
1536,10 orang kaya indonesia 1 5 orang indonesia orang cina keri indonesia kayak singapura pribumi usir,1
1550,guru aji bilang main sepak bola sepak bola olah raga partai komunis indonesia ejek antek komunis,1
1566,usir jajah cina bumi indonesia user user user user user user user user,1
1591,anak sih napi cina kafir usir,1
1596,user ha dasar cina hitung,1
1624,butuh presiden ganyang partai komunis indonesia anti partai komunis indonesia,1
1635,user user akibat makan gaji duit korupsi bantu likuiditas bank indonesia laku tokek tokek cina otak cebong dungu tenaga kerja asing cina fiksi fakta anggap isu fiktif hancur negara jual,1
1636,modus sindikat cina tipu uang rakyat indonesia usir cina indonesia,1
1642,aksi dukung pilih presiden suara nada pribumi rakyat indonesia buzzer 2 bayar cina,1
1651,user user antek antek zionis komunis,1
1669,user usir cina negara republik indonesia user user user user user,1
1710,orang cina bebas sih mukidi ahli cebong 1 tukang tipu cebong goblok ketulungan plonga plongo akibat optimisme,1
1721,antek komunis nya teriak huuuu taufik ismail hafizhahullah uniform resource locator,1
1750,user bawang putih orang kafir cina paham komunis awas bawang putih tar bikin negara indonesia,1
1784,korban rezim komunis angka tanggung tanggung 100 juta darah manusia cecer paham halal,1
1791,tionghoa kayak putus sekolah dugem,1
1805,user negara jual hebat lek jokowi negara keteng kuasa perintah negara calon pegawai negeri sipil khusus sinamata sipit perkosa negara khianat dasar partai komunis indonesia,1
1861,user khianat negara republik indonesia komplot putus rugi negara tenggelam komplot moncong babi antek partai komunis indonesia,1
1882,ganyang partai komunis indonesia kuat tenaga,1
1900,owo hidup nafsu presiden muncul isu partai komunis indonesia komunis anti islam antek cina puter puter situ,1
1932,user user user user user janji deh janji puluh juta lapang kerja rakyat tenaga kerja asing cina,1
1940,user user user user kafir partai komunis indonesia samar islam jelek jokowi kafir partai komunis indonesia,1
1942,bicara era habibie susilo bambang yudhoyono hidup tenang percaya isu rasial era khawatir tenaga kerja asing republik rakyat cina masuk masif isu rasial percaya,1
1960,user uhuk partai adil sejahtera antek komunis uhuk,1
1979,indonesia beijing usir cina,1
1997,turun langsung lapang sungguh jongos cina duh,1
2001,user user user partai demokrasi indonesia p mega bangkit komunis,1
2011,user user user user user user user user kampret bilang jokowi antek cina kasih medali emas cina,1
2094,teriak teriak partai komunis indonesia ganyang salat aji tuhan partai komunis indonesia uniform resource locator,1
2172,partai komunis indonesia ya angkat darat gerak massa anti jokowi isu isu anti agama komunis,1
2177,tuju musuh teroris buddha myanmar biksu amp militer nya borobudur waris leluhur uniform resource locator,1
2182,user user user user user user user akun komunis,1
2185,user partai komunis indonesia partai demokrasi indonesia p bubar partai demokrasi indonesia p,1
2188,ms kakak ban tanah jaka a 87 persen asai cina,1
2212,partai komunis indonesia biadab agama candu masyarakat agama lawan feodalisme amp kapitalisme agama hai bajing rendah anggap orang agama ala,1
2291,user jaman daerah khusus ibukota main isu cina kafir cina kafir keluarga sih ono silit eh sulit,1
2318,tenaga kerja asing cina berani leceh bendera merah putih diam tenaga kerja asing cina arogan kuat dukung rezim kuasa mudah tenaga kerja asing cina masuk negara republik indonesia jajah,1
2321,user user badminton putri indonesia kalah jepang cina main lepas gampang serah komunis enak,1
2328,user user kerja cornelis tionghoa stres gila,1
2353,1 oktober sakti pancasila pancasila versi arah komunis rezim diktator anti islam,1
2361,lucu banget ahok sambung kena sekak mat pe anyaan isu agama dasar cina tolol haha,1
2365,harga pribumi minimal laku sopan tamu sejati ampas hak pribumi,1
2366,ayo gelora insya allah sejahtera komunis lenyap,1
2447,takut ganyang partai komunis indonesia bahaya embrio iblis kembang biak,1
2450,user haha antek komunis kelojot jelang 30 september kecebong anak partai komunis indonesia,1
2477,usir nih cina ki gila pamungkas bui gara gara anti cina cina tumpang negeri uniform resource locator,1
2487,user user user user tuju partai adil sejahtera partai komunis indonesia partai komunis indonesia persis sepe i partai adil sejahtera gaet golong akar rumput isu isu agama partai adil sejahtera ai komunis syariat,1
2532,ganyang partai komunis indonesia kumpul keripik indonesia uniform resource locator,1
2549,user cina negara komunis anti islam sesal rezim hutang negara komunis,1
2555,negeri om kerja jongos cina doang kerja subuh malam gaji pas pas kayak cina,1
2588,user user user bawa nama islam partai komunis indonesia ai komunis syariat,1
2602,user user hubung ai komunis cina rezim antek antek asing,1
2618,user user monyet komunis tolol,1
2652,user teroris kafir buddha myanmar,1
2682,imigran tinggal myanmar 1948 imigran cina usir indonesia atur main,1
2688,antek komunis film gera 30 september partai komunis indonesia isi bohong uniform resource locator,1
2705,teroris buddha myanmar tembak perahu tumpang anak anak,1
2743,user cina masuk salah ras indonesia beda singapura,1
2750,user user nama perintah revolusioner republik indonesia susah gampang partai komunis indonesia,1
2799,user laku psi laku indonesia rakyat psi agen komunis,1
2814,ganyang partai komunis indonesia anjing uniform resource locator,1
2825,sejarah partai komunis indonesia antek komunis sok siksa uniform resource locator,1
2835,user perintah negara komunis pancasila be uhan peduli amanat derita rakyat,1
2860,user perilaku cina sp penghianat bangsa yoyakarta warga cina kelas pinggir sertifikat hak milik dasar cina keparat,1
2881,user pilih cebong liberal tengik sekularisme gelintir antek,1
2887,takbir ganyang partai komunis indonesia,1
2921,indonesia damai usir cina indonesia,1
2945,lawan usir duta myanmar boikot urus buddha,1
3001,user user cina babi komunis anti agama utama islam bikin ribut indonesia,1
3061,biadab ahok cina kafir rakyat asong asong gusur gusur aniaya surat pemberitahuan teroris ahok kafir biadab,1
3062,buku jokowi undercover susilo bambang yudhoyono dukung jokowi pilih presiden 2014 rahasia kotor korupsi pegang cukong cina,1
3069,kalah suha o prabowo lawan opini 1998 libat konspirasi global as cina sekutu dukung rencana csis elite katolik radikal konglomerat tionghoa jatuh suha o,1
3080,siloam cina usir andai ku mati anak anak ku paham filosofi hidup harga kaki jajah,1
3117,user ngeri bangsa sih partai komunis indonesia biadab bangkit tolak bubar,1
3129,user i tulis kad raya cina ellooo,1
3140,antek kaki tangan komunis hati perut uniform resource locator,1
3215,khianat partai komunis indonesia bunuh jenderal partai komunis indonesia keblinger karno bubar partai komunis indonesia turun harga harga bubar kabinet tritura,1
3224,cina kuasa ekonomi media massa ayo usir indonesia,1
3238,usir cina indonesia,1
3247,user jaga jaga muncul partai komunis indonesia juang alias partai komunis indonesia plus,1
3256,user kupas tuntas gebuk habis antek antek komunis,1
3276,coba usir cina 100 rakyat negara republik indonesia gembel negara republik indonesia kayak asing asing triliun uras negara republik indonesia stop tolol,1
3357,betapa biadab teroris buddha myanmar uniform resource locator,1
3482,tragedi 98 nyata salah upaya komunis prabowo,1
3490,user ngawur nih rezim indonesia cina nih negara,1
3512,user user partai demokrasi indonesia juang mega bangkit komunis,1
3557,beda paham kulit tangkap sih cina,1
3588,user user anjing komunis tolol,1
3597,orang mang salah pilih kalah menang rezim sengsara rakyat komunis,1
3611,orang kiri komunis sosialis marxis mental khianat ajar anti agama buang banding nya 1 99,1
3721,user user user user user user bangga anak partai komunis indonesia gebuk partai komunis indonesia wkwk,1
3774,rezim sekretariat jenderal komunis vietnam gelar karpet merah istana,1
3788,demo teroris botak myanmar arah nya turun jokowi,1
3810,indonesia terjemah cina,1
3849,user user user banteng ngeri sarang komunis,1
3852,usir cina negara republik indonesia warga negara indonesia turun cina skrining,1
3859,user user myanmar kafir buddha teroris,1
3861,user user ganyang partai komunis indonesia,1
3862,media milik cina ya usir biang pecah,1
3873,user memble up jokowi media media televisi koran milik orang orang cina notabene kafir coba cek lapang,1
3897,gila ya rezim jongos cina,1
3963,user user dungu bong bangsa cabik cabik tinggal pungut sampah kayak dasar mata sipit,1
3992,user user ai partai komunis indonesia indonesia pe nama ajar cina rusia partai komunis indonesia penghianat pancasila,1
4014,user user user logis ya pesan ahoker maaf on warga daerah khusus ibukota bego,1
4028,nih ai nyata percaya isi jongos cina komunis,1
4062,tonton bareng film gera 30 september partai komunis indonesia bubar rekam simpan partai komunis indonesia,1
4083,janji jokowi 10 juta lapang kerja nyata tenaga kerja asing cina,1
4102,user kaum sipit kuasa tambang indonesia tertawa dasar nasionalisme indonesia pilih dukung 2 periode hasil tambang indonesia asai sipit,1
4110,mari awas keliling jelang 30 si aktivitas antek komunis lapor ulama tentara nasional indonesia ganyang partai komunis indonesia,1
4140,when tumblr tiktok telegram are blokir by the government salah orang blokir aplikasi menteri komunikasi informasi goblok when a zionis kills one palestinian dasar yahudi amp boikot israel beli produk kafir,1
4183,mari rebut posisi kerja lokal,1
4193,komunis zionis yahudi,1
4207,malam ganyang bakar bunuh partai komunis indonesia,1
4209,user user anjing komunis nista islam,1
4245,user user cina babi bikin rusak indonesia bantai,1
4286,user user user monyet komunis dungu sekebun,1
4291,selamat pagi antek antek komunis,1
4295,user inti dukung prabowo partai komunis indonesia,1
4303,komunis anti agama,1
4332,kivlan rekan jerit jerit komunis hidup,1
4346,rezim rezim komunis tanda tanda nya sepe i arah kesana ya,1
4351,user ya inti dukung prabowo cap partai komunis indonesia,1
4360,presiden indonesia jongos cina komunis kaya antek antek cina gerombol buddha teroris sokong cina racist,1
4370,user user isu isu partai komunis indonesia muncul hubung pilih presiden bentuk kampanye murah,1
4378,user anti cina komunis antek asing kapitalis rakus zionis suara enak enak ngentot ya,1
4401,te arik lihat koruptor bantu likuiditas bank indonesia laku laku taipan bina komunis cina mitra nya megawati sp,1
4418,user user user user monyet komunis,1
4437,user user partai komunis indonesia kali susup acara min massa teriak ganyang partai komunis indonesia,1
4444,ganyang partai komunis indonesia rakyat indonesia dukung uniform resource locator,1
4445,kaum sipit kuasa tambang indonesia tertawa dasar nasionalisme indonesia pilih dukung 2 periode hasil tambang indonesia asai sipit,1
4463,user suka teriak pancasila indonesia komunis cina antek antek,1
4467,fakta cina cina parasit otot bela sih nista agama user user user user user,1
4502,user user maksud indonesia mayoritas muslim suruh pilih pimpin cina non muslim ya,1
4511,user user haha pilih kepala daerah dasar polisi made in cina lindung nista agama,1
4513,ganti demokrasi pancasila demokrasi partai komunis indonesia be uhan bebas zina minum keras lgbt partai komunis indonesia indonesia,1
4550,cina bicara cina orang islam rohingya usir buddha myanmar kampret,1
4568,partai komunis indonesia now partai adil sejahtera front bela islam hati huh saracen bayar demo demo fitnah provokasi sara jokowi ahok bayar o susilo bambang yudhoyono prabowo hati thread starter isu istana pro cina partai komunis indonesia anti islam,1
4581,user user malu malu sok orang kaya nihil prestasi kena denda malu banget dasar cina ky,1
4663,tuduh cina bawa flakka indonesia rusak generasi muda indonesia,1
4677,coba larang ateis republik nista noda leceh perkosa ajar agama haha sanggup adu argumen generasi sains canggi dunia tuhan dasar melayu goblok,1
4679,user user ya jongos nya sipit,1
4680,user biar jokowi semangat gebuk partai komunis indonesia muncul,1
4691,ki gila p titis jayabaya ri undang undang dasar 1945 usir cina user user user user,1
4697,ganyang partai komunis indonesia ber intelligence quotient 200 uniform resource locator,1
4701,user user user user indeks demokrasi turun indeks komunis partai komunis indonesia otoritarianisme,1
4702,bilang komunis bilang antek amerika anut bumi datar kayak tonton televisi baca korea utara musuh us,1
4771,bunuh partai komunis indonesia anak balas dendam usir komunis cina reklamasi,1
4817,kaum fasis agama main lagu suka ganyang partai komunis indonesia,1
4847,usir duta myanmar negeri kasih umat buddha tawar imbau henti siksa umat islam,1
4974,perintah jalan hubung mesra negara cina komunis,1
4985,diskusi bilang bangkit partai komunis indonesia bela partai komunis indonesia paksa tuduh antek komunis,1
4989,user user user user user haha ru kacamata cina kafir bro merek ahok hoook,1
5016,pro komunis indonesia komunis uniform resource locator,1
5047,bagus partai komunis indonesia partai komunis indonesia user user user bubar organisasi larang,1
5059,user kenyataanya juta rakyat asli pribumi miskin miskin ahok cina kafir,1
5071,fuck orang myanmar noob sial main ml fuck,1
5080,bagus bang usir negara republik indonesia myanmar juluk negara buddha,1
5096,bang hancur bang musnah cina babi bumi pe iwi indonesia kedok reklamasi ahok,1
5097,buddha radikal lindung usir duta myanmar save rohingya pray for rohingya,1
5104,user user gangbang babi sipit nya mangkal cung hihi,1
5106,perintah anti kritik perintah anti islam perintah antek partai komunis indonesia perintah antek yahudi alas bikin aksi tai banget,1
5109,habis habis bang usir kafir cina nusantara racun akidah tukang sogok kristen lacur minum keras kafir anjing,1
5132,cina gelontor dana filipina perang marawi uniform resource locator uniform resource locator,1
5137,user negeri korup asuh cina babi uniform resource locator,1
5138,hidup cina komunis hypertext transfer protocol over secure socket layer t co b1rhevkrxl,1
5163,serbu tenaga kerja asing cina polisi selundup senjata api hmmm ya uniform resource locator,1
5170,eh proyek nya cina garap putra putri indonesia uniform resource locator,1
5259,kabinet jongos cina,1
5309,ganyang partai komunis indonesia darurat partai komunis indonesia,1
5311,minoritas te indas indonesia cina bahagia,1
5312,usir cina jongos jongos indonesia damai,1
5332,44 gerombol user user rizieq front bela islam main isu perintah jokowi pro partai komunis indonesia user,1
5367,peluk agama buddha indonesia 90 etnis tionghoa cina nya taipan taipan jajah indonesia,1
5369,partai komunis indonesia gaya jokowi antek komunis,1
5407,2 analisa kait 1 susup komunis 2 antek jenderal tua kuasa negara,1
5440,user voting malingsia cok jancuk partai komunis indonesia,1
5460,user kampret kasar bandit negara republik indonesia orang cina usir rakyat indonesia biar tau,1
5473,user a inya kecebong antek komunis,1
5538,data negara gara komunis rezim komunis nyawa rakyat gratis,1
5566,sadis postingan victor bodoh jokowi ahok social media volunteer kecebong kecebong istana jongos cina jamur polisi,1
5568,iklan ahok jahat teroris nyata indonesia wahabi onta babi babi milik cina tebar teror sungguh,1
5578,10 susilo bambang yudhoyono isu partai komunis indonesia cari 3 jokowi simpatisan partai komunis indonesia sp i emas uniform resource locator,1
5633,dukung jokowi 3 pribumi bera i jongos cina penghianat bangsa 4 komunis,1
5658,usir duta myanmar indonesia tanah air negeri haram saudara umat buddha uniform resource locator,1
5661,user user kacung kacung bela majikan cina keparat proses hukum kacung cari muka,1
5703,suu kyi antek komunis user sindir suu kyi dute e menang nobel damai,1
5712,agama islam hidup enak cina hidup gelimang a uniform resource locator,1
5726,karno khianat partai komunis indonesia partai komunis indonesia mayoritas orang jawa partai komunis indonesia bantai o jawa jokowi wakil suara mayoritas jawa pro asing,1
5742,user sih kapitalisme haha dasar antek antek komunis,1
5744,gubernur pribumi ya,1
5752,ragu ganyang partai komunis indonesia,1
5758,user sih ahok user cina anjing kafir nista agama islam,1
5774,cina anjing hypertext transfer protocol over secure socket layer t co zm1bsjaiha,1
5785,user user user oh antek nya komunis,1
5788,user orang turun cina gubernur indonesia bicara orang padang presiden singapura user,1
5804,tau malu nih cina angkat kaki istana,1
5810,anak partai komunis indonesia pro syiah antek asing diktator komunis bijak neoliberal,1
5834,bunuh orang ahmadiyah syiah partai komunis indonesia ya,1
5913,user user user antek komunis teriak komunis,1
5915,si babi cina biadab laku kaum pribumi surat pemberitahuan baris serba nu nusantara dukung timpang biadab,1
5929,user antek cina percaya komunis sp orang musuh bantai muslim uniform resource locator,1
5958,katak ge er isu jatuh rezim isu kerja intelijen konter gera komunis,1
6012,partai komunis indonesia bangkit,1
6026,user user user user user user user user user user partai komunis indonesia rusak islam bahaya,1
6041,antek komunis yayasan lembaga bantu hukum indonesia main main korban,1
6052,matanajwadebatjaka a sih cina babi ahok banget sok pintar banget ahok,1
6092,user user asing bajing surat pemberitahuan ahok bese a kroni nya anti,1
6100,user user putar film nya deklarator ai komunis indonesia nama ketua nya komunis cina soviet,1
6154,buah negara coba asai komunis,1
6192,user tokoh gus dur presiden warga cina warga negara indonesia nya indonesia mw kuasa cina,1
6208,user user jajah cina jajah arab atur jual negara as biar bacot langsung tebas sok suci munafik orang koar koar dank,1
6232,warganet jokowi diktator jokowi pro cina jokowi pro rakyat,1
6251,user mayoritas etnis cina daerah khusus ibukota solid dukung nista agama islam dendam nasionalis,1
6258,user kayak komunis harga jasad manusia cebong komunis,1
6265,rejim partai komunis indonesia lengser jokowi pimpin tukang kriminalisasi ulama,1
6286,user ayo bangsa indonesia sih etnis cina perompak aset negara,1
6302,kejar setor cina djarot lengser rezim jongos cina bahaya bangsa negara hukum undang undang konstitusi labrak,1
6311,user user cina benalu negara republik indonesia,1
6368,user ingattt cina komunis antek asing rezim,1
6401,warga negara asing asing indonesia coblos cina,1
6423,ayo pancing antek komunis negara republik indonesia selenggara tonton bareng film khianat 30 si partai komunis indonesia,1
6431,user partai komunis indonesia soeha o singkir soekarno tiru prabowo menantu,1
6432,user cashier indon haha mesti gelak padan makan babi berengsek,1
6473,situ antek komunis uniform resource locator,1
6484,lihat user tumpang penuh tenaga kerja asing cina bahas indonesia inggris cc user uniform resource locator,1
6490,user user user haha teriak teriak cina kaca iya junjung turun etnis,1
6626,terima putus presiden partai komunis indonesia muncul gebuk,1
6633,presiden jongos tunggu aba tuan cina nya bantai muslim cina kafir,1
6638,salah jokowi rezim jahat diktator otoriter komunis kafir zalim organisasi papua merdeka uniform resource locator,1
6645,user user rezim plonga plongo kacung cina plonga plongo dungu haha,1
6660,tuju usir turun arab india cina masuk zul uniform resource locator,1
6680,user user user partai adil sejahtera antek komunis,1
6706,ganyang partai komunis indonesia wajib jaga negara republik indonesia pancasila uniform resource locator,1
6714,dasar cina goblok bayar kucing gembrot model,1
6729,sih cina babi ahok banget sok pintar banget ahok,1
6769,ganyang partai komunis indonesia perang buka generasi partai komunis indonesia umat islam,1
6804,user wadaauuuwwww oi kalem oi sabar sabar tunggu gara gara sih sipit keparat kebal hukum emosi rakyat kendali jejangan strategi,1
6813,usir cina cina indonesia indonesia kuasa bebas jajah,1
6834,biadab teroris buddha myanmar bakar al alquran,1
6849,sih user hidup nebeng cina cina milik user jongos cina sih paloh bewok,1
6851,usir cina indonesia rusak bangsa uniform resource locator,1
6893,suruh pakai mata uang cina suruh pakai produk produk tiru cina suruh ajar bahasa cina suruh bantu cina pribumi negara tumpah darah pribumi woiiii mimpi,1
6914,user user user user alex untung tuduh antek cina partai komunis indonesia haha,1
6942,user user anjing komunis gonggong sahut,1
6956,tanu usir cina,1
6979,waspada upaya ahoker antek komunis media laku pecah belah umat islam aksi 299 aksi 299,1
6989,user situ nge i undang undang kriminal anak anak hina presiden umur 16 penjara 1 5 anak cina ancam bunuh presiden lucu super tolol waras otak,1
7007,user sih ahok user cina anjing kafir nista agama islam,1
7027,perang cina usir cina bumi indonesia,1
7088,cina racist biar cina kuasa dominasi ri lihat cina singapura usir melayu kampung user,1
7125,percaya cina heran jabat indonesia jongos cina kristen tegak hukum islam usir cina,1
7139,user narkoba cina dosen cina hutang cina tenaga kerja asing cina periode kurikulum cina salam,1
7141,ganyang partai komunis indonesia uniform resource locator,1
7169,cina ri negara 75 tanah asai usir pribumi dewa perang user user user,1
7174,ai koalisi dukung perintah jalin kerja politik ai komunis cina,1
7222,tolak versi akal akal rezim edit sesuai selera partai komunis indonesia korban dasar komunis,1
7266,user cina babi cina maling usir cina uniform resource locator,1
7268,turun cina racist paham sejarah indonesia paham,1
7283,mari lawan hancur rezim kocak jongos cina komunis,1
7309,user user user diam lu cina keparat,1
7341,user usir duta myanmar,1
7370,hubung ai komunis cina rezim antek antek asing,1
7424,era user komunis biar kembang user,1
7434,ganyang partai komunis indonesia musnah,1
7451,nyata jokowi komunis lengser uniform resource locator,1
7472,user user partai demokrasi indonesia juang ainya preman komunis maling racist koruptor tipu partai demokrasi indonesia juang kumpul nya orang orang amoral,1
7476,partai komunis indonesia bunuh orang islam anti agama orang islam bantai partai komunis indonesia jihad bela partai komunis indonesia,1
7554,slogan tipu teriak pancasila indonesia hati komunis,1
7576,user user user monyet komunis,1
7583,user tai kucing cina intervensi wilayah kalimantan hati hati gara gara ahok si mulut jamban,1
7599,user partai komunis indonesia zombi ancam negara republik indonesia umat islam ganyang partai komunis indonesia uniform resource locator,1
7606,biadab kerja cina buang bendera indonesia tanah asing asing tiongkok uniform resource locator,1
7655,user user user komunis sadah bankrut bro iring perestroika cecep gorbachev,1
7688,iklan ahok jahat ahok cipta bara api rakyat pribumi tionghoa balut fobia ahok kafir racist,1
7711,responden institute of southeast asi studies orang indonesia turun cina milik loyalitas hadap republik rakyat cina,1
7772,masjid tua candi candi milik raja hindu buddha nusantara usir cina,1
7801,komunis sederhana paksa atur contoh paksa pakai e uang komunis banget rezim komunis,1
7826,hem sampah tengok live facebook khair din habis habis pusing pasal manifesto ph agama golong dap cina kristiani he nama dap pas eh geram lepas dok motif nak sel,1
7827,user user bubar acara partai komunis indonesia,1
7838,insya allah kuasa jahat jongos budak cina kafir komunis nafsu jajah rampok indonesia hancur allah subhanahu wa taala,1
7840,user orang cina indonesia,1
7879,i hasil emak emak jual puki asli partai komunis indonesia sih ahok anak cina anjing kafir a negara republik indonesia,1
7901,acara dungu biadab bangsa aji budaya muhammad arab buta huruf nabi ganti budaya baca,1
7921,gerombol bela partai komunis indonesia nyata kolam dukung nista aduh,1
7931,cina ahoker berani bayar pribumi aparat aparat korup legal aktivitas cina bangsa suku indonesia usir cina,1
7945,user user tulis twit kafirun munafik bau bau partai komunis indonesia pancasila indonesia mental mental kacung,1
7947,cina angkat kaki istana,1
7980,user user tenaga kerja asing cina masuk indonesia masuk om curiga cina cina ahoker,1
8049,user nyata indonesia anggota negara makmur cina iya makmur cina,1
8128,user user user user ganyang partai demokrasi indonesia p partai demokrasi indonesia p ubah nama partai komunis indonesia,1
8153,a is kampung gmnin udik kampung handphone anak gue cemplung gue beli pakai keringat halal hasil kangkang laki orang,1
8157,19 khilafah tempuh bikin ai tii bahaya ideologi komunis user user,1
8199,user user user user user user bambang muka kontol hina ulama gue hajar dasar antek komunis,1
8219,user user etnis asli singapura kuasa melayu cina jajah rebut,1
8293,user user user user user user user user indonesia cina,1
8296,tuju usir cina negeri,1
8320,cina usaha kuasa politik hukum indonesia,1
8346,ratus massa organisasi masyarakat islam gerebek jaka a ganyang partai komunis indonesia uniform resource locator uniform resource locator,1
8363,usir buddha myanmar bumi indonesia uniform resource locator,1
8375,jokowi ratu adil turun darah biru darah kotor cina babi uniform resource locator,1
8393,ai bangkit paham komunis bangkit tanam rezim,1
8398,fahri hamzah bela prabowo pe olongan perintah jokowi rohingya bubar partai komunis indonesia bubar partai komunis indonesia,1
8473,islam nusantara 1 wacana islam arab partai komunis indonesia tumpang partai demokrasi indonesia juang 2015 jokowi menang pilih presiden 2014 sadar sih manfaat user sadar,1
8496,menteri dagang cina tumpang cari makan hidup indonesia cari perkara pribumi usir negara republik indonesia,1
8562,cewek cakap bego laku sih ahok cina bau tai makan bubur encer ahok paham komunis nista islam kristen,1
8587,tolak sweeping kerja cina komunis antek komunis bro legal buka pintu masuk,1
8588,matanajwadebatjaka a lucu banget ahok sambung kena sekak mat pe anyaan isu agama dasar cina tolol haha,1
8647,rakyat cina rakyat indonesia anak turun partai komunis indonesia paham uniform resource locator,1
8664,user gue penasaran sih haha cari kambing hitam asing rusia misterius diam tanggap ya cepat bikin hancur drag us all haha perintah,1
8722,teroris nyata indonesia wahabi onta babi babi milik cina tebar teror sungguh,1
8724,cina kenal trik tipu daya mending usir suruh habitat asli,1
8760,user user user jokowi tes dna tes dna bukti nya turun partai komunis indonesia,1
8764,user partai demokrasi indonesia komunis ya,1
8786,ahok kafir umat islam anti ahok ahok kafir ahok cina suka makan babi bir,1
8814,user bangsat bintaro komunis ubah,1
8915,user nyata ciri khas orang nusantara benci ras tionghoa,1
8953,nampaknya paket sokong cina babi sokong lgbt,1
8956,user user user user user ya fakta partai komunis indonesia uniform resource locator,1
8957,nyata antek asing cina laku jokowi nyata uno impor cina kampret diam hening,1
8980,ganyang partai komunis indonesia khianat partai komunis indonesia 1948 uniform resource locator,1
8992,gila efek utang cina user badan narkotika nasional 80 sabu masuk indonesia produksi cina uniform resource locator,1
9000,mari rapat baris target nya lengser jokowi isu partai komunis indonesia bela kafir pria non pria,1
9028,user haha te ipu onta arab,1
9072,ganyang partai komunis indonesia uniform resource locator gedung jaka a uniform resource locator uniform resource locator,1
9081,user user bikin reklamasi kunjung duit cukong junjung user setop eh bilang sipit songong,1
9086,user user sih heran antek antek partai komunis indonesia muncul rintik rintik hujan,1
9095,komunis partai komunis indonesia umat islam ribut senang perintah anti islam gaya adu domba main,1
9132,usir cina harga,1
9150,bela partai komunis indonesia muncul bela rezim bela ahok komunis cina peran waspada darurat partai komunis indonesia,1
9155,bajar timor leste pribumi milik daulat timor leste etnis cina penghianat perompak ahok,1
9156,sadar rezim neo komunis bangkit,1
9178,hukum surat pemberitahuan negeri mata remaja labil mata sipit hina presiden simbol negara nyata sepi berita indikasi anggap bebas ekspres anggap lucu lucu,1
9187,moga panglima tentara nasional indonesia selamat negara republik indonesia jual aset negara antek antek komunis,1
9196,user cina senang indonesia susah canda sih encek csis harry tjan silalahi 80 an,1
9275,expect lepas tangan kerja lecturer ape lancau sial cina nih,1
9278,user user user user user ahok bebas syarat hidup markas komando nyaman nyaman rejim kacung sifat cina penghianat,1
9287,user user user user user user user user akun anak partai komunis indonesia,1
9304,cina anjing uniform resource locator,1
9372,ganyang partai komunis indonesia tentara nasional indonesia uniform resource locator,1
9373,media antek komunis waspada partai komunis indonesia uniform resource locator,1
9378,user mantap bravo pasang ideal cocok 2019 tumbang kaum antek cina,1
9393,wajar user kivlan zein benci partai komunis indonesia wajar partai komunis indonesia benci simpatisan darurat partai komunis indonesia uniform resource locator,1
9396,user user indonesia bangun hambalang teror reklamasi cina meika a lancar aman,1
9399,user nomor koruptor negeri korup asuh cina babi uniform resource locator,1
9406,usir cina bala mongondow juragan ng,1
9417,user user bubar partai komunis indonesia orde orde pas berantas partai komunis indonesia,1
9494,minoritas muslim rohingya sekian zalim,1
9512,kerja cina proyek jalan tol lempar bendera merah putih hukum hormat bendera amp depo asi,1
9566,ahok cipta bara api rakyat pribumi tionghoa balut fobia ahok kafir racist,1
9596,user user melayu hidang daging lembu tetamu hindu sensitivitas,1
9627,user user haha tulang orang batak tulang manusia orang batak kali luhut binsar panjaitan orang batak orang tionghoa sesat batak mu,1
9631,user user user usir rohingya indonesia rohingya nista gadis buddha myanmar,1
9648,penjara cina kafir ateis masuk ahok pimpin babi tukang korupsi,1
9662,jokowi pimpin buruk sih raja utang ahli citra maling kampung jago bohong opresif anak partai komunis indonesia jongos cina komunis,1
9684,koordinasi kuat massa muslim kepung duta myanmar usir duta orang buddha biadab indonesia,1
9687,user antek asing komunis kapitalis,1
9725,bukti nyata cina indonesia antek jajah,1
9733,negara republik indonesia eks bebas serbu tenaga kerja asing cina mari umat islam indonesia ganti presiden 2019,1
9771,jokowi komunis kapitalis uniform resource locator,1
9789,blok cina rusia syarat korban galau berat indonesia kerja hebat uniform resource locator,1
9800,pakai licik akun palsu sebar membully akun palsu bunuh karakter orang salah partai komunis indonesia orang ateis anti allah agama jenderal nasution waspada komunis,1
9809,usir duta myanmar kumpul orang buddha indonesia lapang buka adakan orasi uniform resource locator,1
9862,usir turun cina pe ahankan pribumi arab usir turun ya,1
9882,cina usir zaman belanda tukang penghianat,1
9894,nih partai demokrasi indonesia juang nasional demokrat bicara ganyang partai komunis indonesia memble user user user user user user,1
9948,larang ajar komunisme sisi perintah buka pintu masuk nya wisatawan komunis negeri,1
9991,user user user user iya cebong cina komunis cinta sih jamban,1
9992,ganyang partai komunis indonesia waspada bahaya laten,1
10004,usir user bakar lilin aksi bineka aksi teroris cina bukti mata sipit pegang lilin,1
10035,user sipit sipit bantat kayak seungmin,1
10043,user user user user monyet komunis tolol,1
10050,user user user user neo komunis antek cina sebentar musnah negeri,1
10067,user user kurikulum cinta indonesia hapus ganti kurikulum cinta cina,1
10139,ganyang partai komunis indonesia hapus lambang partai komunis indonesia film intimidasi komunis antek partai komunis indonesia sepe i hantu,1
10236,blokir cina telegram blokir jokowi tuduh teroris sabu cina cina usir sesuai pikir rezim,1
10239,fitnah jenderal fitnah prabowo sudut umat islam situ partai komunis indonesia ya uniform resource locator,1
10286,user user user user janji deh puluh juta lapang kerja rakyat tenaga kerja asing cina,1
10320,user pribumi tolak etnis cina pimpin indonesia adu pancasila bineka,1
10325,selamat minggu partai komunis indonesia tamat hancur awas gera hati komplot makhluk kaki larang muka bumi indonesia,1
10332,lengser jokowi kuasa cina komunis,1
10348,user user user user user user user user edan edan pokok usir cina cina keparat tau malu,1
10362,muncul partai komunis indonesia bulu monyet uniform resource locator,1
10377,user user user user user user user user user user user user user gue rakyat indonesia sukarela berantas cebong komunis,1
10382,usir duta myanmar lindung teroris buddha save rohingya,1
10388,user user ganti presiden tenaga kerja asing cina pulang datar cina pakai getek,1
10401,cina perikemanusiaan suka cina indonesia,1
10404,user user nyata sangkut paut ya teriak cina nyata turun cina teriak partai komunis indonesia nyata berontak,1
10413,rezim diktaktor ekonomi cina sumpah setia undang undang dasar penghianat user turun jokowi,1
10419,akun akun antek komunis liar darurat partai komunis indonesia,1
10432,gebuk komunis partai komunis indonesia selamat negara republik indonesia kasih kendor bantai ulama kiai nu ulang,1
10521,umat hindu permak tentara buddha radikal teroris muslim rohingya,1
10525,user user marah tah bang bilang etnis cina kasih pimpin indonesia watak asli jajah,1
10546,user sih cina kafir ahok kriminalisasi polisi rekayasa hukum nya,1
10547,usir depak cina amerika komunisme sekuler liberalisme demokrasi ganti hukum allah rasul gus syams,1
10564,usir cina partai komunis indonesia negara republik indonesia,1
10566,awas provokasi jokowi antek cina anti islam,1
10571,umat islam toleran umat kristiani buddha rindu cina usir uniform resource locator,1
10580,user indonesia musibah umat islam berkah orang cina amp kristen,1
10583,user user munafik golput panas dingin bela sih kuli cina kejang kejang lihat orang kagum pimpin karismatik plonga plongo,1
10591,biadab ahok cina kafir anak anak rakyat pribumi islam gusur rumah a hidup,1
10625,user user user eh cina setan tumpang makan indonesia enak nya,1
10656,orang indonesia dongok nya lihat banget jalan kasih jalan madam bakar manfaat ambil jalur madam asli goblok,1
10664,komunis bangsat user uniform resource locator,1
10677,user tenang panik a khawatir jok ribu lapang kerja ribu tenaga kerja asing republik rakyat cina selamat ber antre ria ya wkwk,1
10712,benci muslim antek komunis puluh bantai muslim,1
10728,user user partai komunis indonesia gaya partai komunis indonesia jambret mati kota padang jambret mati nuser partai komunis indonesia tolol fitnah nya jambret mati minimal rumah sakit,1
10738,om makar om ya makar megawati biar cina cina korup bantu likuiditas bank indonesia partai demokrasi indonesia juang lengser jokowi,1
10761,ganyang partai komunis indonesia ganyang partai komunis indonesia ganyang partai komunis indonesia uniform resource locator,1
10763,user user user user user siti goblok hidup indon sedekah bising malaysia makmur kayak raya,1
10786,user sumpah gue bohong ya gue kerja pabrik feronikel milik rusia kerja orang cina gue jijik jorok bab siram makan babi ular kadal bikin gue jengkel bau badan masya allah taha,1
10796,garuda sengaja bangkrut biar asai asing asing cina laknat lengser user garuda bangkrut,1
10812,tangkap laku polisi lengser jokowi rezim partai komunis indonesia,1
10921,cina usir indonesia lihat miskin,1
10925,user user user catet cebong kader komunis indonesia,1
10928,bangga politik indonesia masuk hitung amerika cina sayang hitung jajah,1
10958,ganyang partai komunis indonesia antek uniform resource locator,1
11040,kantor kepung massa takut kuak pokok ganyang partai komunis indonesia,1
11084,user user user alah istana kuasa cina hancur rakyat indonesia,1
11110,usir cina ganyang cina,1
11111,user antek komunis biadab jongos cina,1
11147,user iya sih kayak komunis banget wkwk,1
11149,indonesia boikot bank iran negara islam terima uang cina uniform resource locator,1
11163,tau bicara tumpas partai komunis indonesia komunis antek serang ya serang partai komunis indonesia partai komunis indonesia lindung partai komunis indonesia,1
11170,sikap keras hadap cina kafir uniform resource locator,1
11189,user user malu indonesia gubernur cina,1
11210,orang tionghoa ijazah palsu tokoh masyarakat tionghoa sungguh sampah tg pinang agama kristen wihara nama nya munafik muslim,1
11214,user user komunis anjing wkwk,1
11258,user user user fuck teroris buddha myanmar,1
11272,user user bentar partai komunis indonesia indonesia bubar partai demokrasi indonesia juang,1
11297,usir cina negeri kecuali cina patriotik kayak gue,1
11356,kuli cina nya usir tenaga kerja indonesia anggur uniform resource locator,1
11407,user bukti masuk investor cina buruh cina indonesia bukti,1
11421,user user waspada lini susup kader partai komunis indonesia antek cina komunis,1
11423,stigma partai komunis indonesia komunis kafir munafik babi ya dewan wakil rakyat teriak gantung bunuh usir warga negara indonesia etnis cina,1
11428,partai demokrasi indonesia p komunis,1
11441,lawan partai adil sejahtera konsisten lawan investasi cina grup lippo donatur anies sandi meika a partai adil sejahtera,1
11448,user suka teriak pancasila indonesia komunis cina antek antek,1
11485,user pro perintah langsung cap kafir komunis pro asing melek mata rien,1
11516,etnis cina indonesia imigran gelap,1
11581,tolong user user user user user user user bubar acara partai komunis indonesia uniform resource locator,1
11594,user user bela cina keparat ubah anjing buduk marah enyah cina keparat bumi negara republik indonesia sumpah cina hidup indonesia setia tanah air sum,1
11601,user user user user waaah sih perek gerwani gangbang babi sipit bentuk adik ya choong hancur hasil entot kuda babi sipit ngooaaahahaaa,1
11626,user nya gampang presiden mu hina cina bangsat diam sih munafik bisu,1
11631,keji biadab ganyang partai komunis indonesia paham komunis negara republik indonesia uniform resource locator,1
11696,anggota nyata cina manusia kampret kampret teroris keji indonesia pilih the,1
11732,media indonesia cina komunis,1
11749,partai komunis indonesia ilusi ancam nyata negara republik indonesia user antek antek neo orde plus front bela islam huh kelompok khilafah puja isis waspada,1
11819,indonesia tindak nyata usir duta myanmar indonesia biksu buddha militer bunuh masal genosida etnis rohingya,1
11826,komunisme nya cina kapitalisme nya us pancasila indonesia bro,1
11876,cina maju komunisme,1
11887,tuju turun jokowi bela pro partai komunis indonesia,1
11889,user anak berontak jaman menandatangani kontrak pt freepo jaman turun tionghoa masuk islam mantu presiden jaman,1
11915,usir cina jokowi radikal usir cina generasi bangsa mental rusak tumbang jokowi uniform resource locator,1
11955,usir teroris buddha bunuh muslim rohingya usir duta myanmar,1
11965,user mantap usir kaum cina karawang,1
12023,ayo polisi tangkap usir sih raja kodok komunis istana cebong cina komunis hancur negara republik indonesia,1
12028,user dosa fitnah umpama bunuh tau user dar cina buku islam fitnah lantak nih konon islam nih cerita user user,1
12032,rezim rezim komunis biadab rezim komunis budaya catet user partai komunis indonesia korban,1
12057,user antek komunis kejang kejang,1
12065,usir cina tiongkok uniform resource locator,1
12081,banding lurus bijak rezim mesra cina produsen narkotika masuk indonesia uniform resource locator,1
12113,mumpung september ganyang partai komunis indonesia,1
12132,tenaga kerja cina leceh lambang negara indonesia uniform resource locator user,1
12164,teriak teriak pancasila koar koar negara republik indonesia harga mati tolak film 30 si partai komunis indonesia putar ulang situ bunglon antek komunis,1
12165,user user partai komunis indonesia kali susup acara min massa teriak ganyang partai komunis indonesia,1
12174,user ajak dialog tolak wajar rakyat tuduh antek komunis,1
12252,user pribumi tolak etnis cina pimpin indonesia adu pancasila bineka,1
12253,ganyang partai komunis indonesia antek antek nya jaka a,1
12266,mulut mu bauk tai anti korupsi bubar komisi berantas korupsi partai adil sejahtera partai adil sejahtera sahabat komunis uniform resource locator,1
12267,pribumi kaya alam indonesia milik kuasa etnis cina bantu aparat tegak hukum jongos cina,1
12276,hati hati jajah cina pakai belanda adu domba pribumi lambat usir cina bangsat negara republik indonesia,1
12368,jahat islam usir cina buddha indonesia,1
12398,user 70 indonesia salah kuasa cina bang,1
12400,user arab saudi komunis antek partai komunis indonesia kriminalisasi ulama,1
12475,ganyang partai komunis indonesia akar akar uniform resource locator,1
12514,user user bodoh abu tours anjing tai tai luwes asuuuu cina puluh triliun bajing tai anjing maling sejati kerja indonesia rusak,1
12561,user usaha transpo asi online biadab undang undang no 22 2009dan tolak permen nomor 108th2017 usaha komunis dana komunis cina,1
12575,kayak indonesia orang indonesia cina aneh ayo pribumi usir negeri,1
12591,stop tutup iklan meike a meike a proyek bodong pribumi sampah jongos cina be obat,1
12592,ganyang partai komunis indonesia antek antek orang orang ai dukung uniform resource locator,1
12619,jokowi jongos cina,1
12667,sikap diktator user ai jilat duit cina tangkap tangkap user user user user user uniform resource locator,1
12684,usir nasionalis bidang ekonomi ekonomi monopoli cina total surat pemberitahuan hancur ri,1
12685,ketemu klien orang batak marah gue marah berengsek malu kantor,1
12693,user user suruh tenaga kerja asing cina tonton stadion lupa bawa 2 bendera merah putih bendera cina,1
12717,goblok kakak kecebong pancasila negara republik indonesia otak hati komunis rezim anti korupsi 1 minggu 7 kali ott komisi berantas korupsi,1
12729,meme nak cilok indonesia dasar malingsia berengsek,1
12736,lini panas ganyang partai komunis indonesia,1
12766,awas proyek partai komunis indonesia cina komunis,1
12818,user pribumi iseng aparat wajah garang racist aparat alay,1
12868,ganyang partai komunis indonesia uniform resource locator,1
12910,user apel malang impor apel cina amerika nama bangga produk indonesia,1
12923,penjara ahok lengser jokowi komunis cina nista alquran an nista agama kriminalisasi ulama kriminalisasi organisasi masyarakat islam,1
12938,rezim anti islam pro komunis insyaallah saksi hancur,1
12959,user user user perintah marah bera i 100 rezim komunis,1
12977,orang tegak khilafah tuduh radikal orang sebar paham komunis,1
12980,user cina indonesia po an tui gabung kompeni bunuh pribumi,1
12997,bera i pribumi ya user ayo bahan pribumi usir user indonesia turun cina pribumi,1
13014,orang suka prabowo bera i partai komunis indonesia uniform resource locator,1
13058,user user user user user user user mesir komunis kafir ekonomi asai dajjal poros beijing,1
13071,user iseng aparat sangarrrr racist aparat alay,1
13077,user user sudi rakyat presiden jongos kacung cina presiden cebong cebong cina,1
13092,usir buddha indonesia notabene mayoritas cina,1
13097,heran perintah jokowi budak kuli cina cina ahok kafir 9 naga,1
13125,user selamat rezim komunis anti islam,1
0,cowok usaha lacak perhati gue lantas remeh perhati gue kasih khusus basic cowok bego,0
1,user user telat tau edan sarap gue gaul cigax jifla cal licew,0
2,41 kadang pikir percaya tuhan jatuh kali kali kadang tuhan tinggal orang tua rencana pisah kakak pilih kristen anak ter,0
3,user user ku tau mata sipit lihat,0
4,user user kaum cebong kafir lihat dongok dungu haha,0
5,user ya bani taplak kawan kawan,0
6,deklarasi pilih kepala daerah 2018 aman anti hoaks warga dukuh sari jabon,0
7,gue selesai re watch aldnoah zero kampret 2 karakter utama cowok kena friendzone bro xd uniform resource locator,0
8,admin belanja po nak makan ais kepal milo ais kepal horlicks cendol toping kau kau doket gerai rozak me uaku taipan 2 kembar baby amp romantika bank islam senawang,0
9,user enak ngewe,0
10,gue jari gue ukur nyali bacot,0
11,user user user user banci kaleng malu pe anyaan 2 nyungsep koe user uniform resource locator,0
12,ajar ekonomi mesti jago privatisasi hati orang aduh ironi user,0
13,aktor huru hara 98 prabowo si lengser perintah jokowi nyata,0
14,user bu guru enak jablay guru sekolah dasar sih kayak nikmat pecun guru,0
15,user user user user user user lawan bicara gue intelek kayak otak kencing onta gue hadis nabi sahih kafir kayak tolak ahlun nar,0
16,pikir ampas banget ya,0
17,ari bek rapi monyet,0
18,cowok gantle gantle nama banci,0
19,user alga mnr bom,0
20,anjing ya gue jarang ambek takut wkwk gue budak cinta,0
21,user noob peluang sakit nya gede sih,0
22,user joko widodo nilai presiden lemah sejarah indonesia jokowi milik modal dukung politik ketidakmampuan perintah hadap situasi ekonomi,0
23,ajar camat bilah hilir deklarasi anti hoaks amp pilih kepala daerah 2018 damai,0
24,bandara udara internasional ajati bangun gubernur ahmad heryawan anggar belanja negara perintah pusat insya allah operasi,0
25,gubernur presiden rakyat ya,0
26,sih user kerja delay mulu setan,0
27,pintu sorga pintu sorga asli pintu hati modus banget,0
29,user user nenek nenek heran cebong bohong,0
30,user user user user user user user user user islam nusantara produk jil pasar gencar antek jil jil anti arab pro asing almarhum kh hasyim muzadi,0
31,habis sahur jam 10 si bayi nete kali lemas,0
32,user kak emak suka sipit wkwk,0
33,user laku homo jaman now ngentot live blued uniform resource locator,0
34,user kak gue orang jawa maaf ya gue orang palembang kakak deh ajar aksara jawa kelak ajar budaya palembang,0
35,pegawai guardian training kayak mentang mentang gue kayak gembel kaos flat shoes dijutekin bangsat malas beli kabur gue matahari,0
36,bajing luka lady terima ganjar ratus kali lipat sanji,0
37,aja tolak berita hoaks sukses pilih kepala daerah wilayah kota,0
38,user user presiden ri jokowi kerja nya tulus ikhlas,0
39,edan tuju fabiano,0
40,al alquran ya bang mulut kayak orang kafir bejat hina farhat abbas law,0
41,lihat beda wibawa wibawa gubernur indonesia user masya allah,0
42,anjir kali lihat orang bego debat pilih kepala daerah kerja serang karakter kecewa on empok silvy and agus,0
43,user keanekaragaman budaya suku agama sungguh kaya djarot hadap pese a rakercabsu,0
44,user user iya islam lokalisasi kristen mas nusantara mas lihat gereja bandung pakai gamelan khotbah pakai bahas sunda jawa huria kristen batak protestan nusantara,0
45,cipta situasi aman tertib masyarakat jelang pilih kepala daerah 2018 kepala polisi sektor konang silaturahmi tokoh masyarakat,0
46,user user positif nse positif respon masyarakat hadap cangkul impor garam impor beras impor jagung impor tenaga kerja impor esemka impor nurl,0
47,user user user user sembahyang adopsi tradisi lokal kerja hindu istilah sembahyang lahir tradisi ritus menyembahhyang tunggal salat sembah all,0
48,didik bodoh larang bawa agama biar orang islam bayar ahok sadar pilih ahok gila,0
49,user user ahok the best abai kaum kampret otak micin,0
50,user user sih otak tempurung laden lawan dungu makan hehe,0
51,user awaasss berita saudara gerung susah cari kosakata bocor picing mata bibir monyong samping suara ky nhn kentut politik kotor zaman b pulang ky nhn ngeden dungu,0
52,pinokio umur 3,0
53,user cerita silat lae kho merah muda oh indonesia liang ie shen tulis cina,0
54,user benci umat islam,0
56,user gue nete,0
57,user wkwk bani lowo,0
58,takabur lahir kuasa rakyat ulama cendikia iblis makhluk alim amp ibadah atus ratus laknat hasud takabur orang ahli ilmu filsafat failosof mari demo sendi,0
59,a orang suka konser konser boros,0
60,makan racun ulama hukum rokok mubah,0
61,susilo bambang yudhoyono presiden ri 6 khofifah emil masyarakat no 1 bagus,0
62,user kali gue gemar korea pop omong teman teman gue idol gue banci homo,0
63,suka video user uniform resource locator kisah seteru haji bolot amp malih tongtong,0
64,budaya kafir sungguh islam indah,0
65,user user user user hem hem diam bisu coba rumput goyang,0
66,setan bisik was was lindung allah qs al a raf 200 fussilat 36,0
67,user user user user user user user ateis sibuk agama orang,0
68,lengser jokowi bangsat,0
69,user selamat kakak,0
70,user bajing homo hati hati hadap anak anak utama kamar mandi laki laki biar uniform resource locator,0
71,user iya cocot,0
72,user budaya indonesia,0
73,user ajar salat a orang asing pecah belah islam,0
74,user x bicara bangkai,0
75,user user percaya negara jajah ranah bubar sistem sistem beraja negara negara republik komunis negara negara jaja,0
78,user bunda ngentot yuk,0
80,karno anti asing beliau jawa coba deh adakan konsensus jawa anti asing pro asing kebo ohannya keliru tutup akun,0
81,proyek korupsi rezim susilo bambang yudhoyono uniform resource locator,0
82,user wajar lihat tingkah petinggi negeri suka campur bahas indonesia bahas asing kali bicara,0
83,ab pribadi senang kompetisi positif,0
84,user user kitab suci agama bilang om user,0
85,user suka tutup mata tutup lihat te utup gara gara sipit,0
86,user muslim user nista kitab suci alquran an alquran an suku detik makna faktual umat islam makna sirat fiksi,0
87,user eh kasar kampang,0
88,bentar gue rilis album the onta si wkwk,0
89,user cebong bang,0
90,najis banget gue mentwit barusan he,0
91,transgender anjing uniform resource locator,0
92,user awas bintit intip titit kucing,0
93,user user bawel bawa asa bolot bodor wkwk ya deh,0
94,user user user user gue saran bacot maling ayat langsung to the point orang paham riak kafir sesat liberal puja dukun bla blaaa hati puas deh,0
95,salah target ahok agenda utama lengser jokowi,0
96,user user kena tagar panas banget,0
97,maju duit goyang kaki pape duit nak maju kat bodoh uniform resource locator,0
98,user huria kristen batak protestan pecah kristen katolik zaman jajah belanda nama kristen protestan kristen katolik pecah huria kristen batak protestan p kali tarutung k,0
99,baca biar pintar jepang amerika cina utang tau,0
100,prabowo kalah bantu jokowi citra ratap pilu,0
101,user user takut azan iblis,0
102,user user goblok bani cebong tukang tipu jilat kuasa gera bayar pakai nasi bungkus propaganda nasi bungkus gagal,0
103,user user user user cebong sewot,0
104,2 gera tekan kerja keras total tingkat potensi bangsa,0
105,gubernur djarot mayoritas ai politik dewan wakil rakyat daerah dukung ahok djarot payah ya user uniform resource locator,0
106,user rezim rusak sistem sibuk cari cari salah ketemu komisi berantas korupsi alat besok perintah ganti ulang engah selesai organisasi orang,0
107,orang orang tuding antek asing asing sungguh be epuk tangan,0
108,user anti asing,0
109,selamat user moga kiprah tingkat nasional,0
110,sih ulama,0
111,user ketapang tenaga kerja asing asing kerja usaha masuk pt who tambang bauksit viral pilih presiden kerja era gubernur cornelis wakil,0
112,user anak pecun hobi zina haha,0
113,user bom surat harga syariah negara,0
114,user istirahat presiden momentum saksi telinga mata rapat bentuk pacitan 2003,0
115,1979 house select committee on assassination hsca temu cacat investigasi laku fbi warren commission hsca simpul tembak laku konspirasi,0
116,user asa genap 1 17 april 2018 gelar hajat pilih presiden acara negara indonesia pilih presiden moga senantiasa jalan aman lancar amin,0
117,user ian pantat,0
118,user user orang pintar agama agama nista hujat orang orang bodoh orang maaf lahir idiot harga cipta tuhan iblis pintar licik,0
119,daftar calon presiden buka agustus 2018 normatif politikus partai demokrasi indonesia juang paham,0
121,gue mantan mantan gue sedih pikir tidur lo gue anak berengsek laki laki,0
123,konstitusional hak rakyat woiii nih plonga plongo laku otoriter,0
124,mari wujud pilih kepala daerah kota bengkulu 2018 aman damai cok adem86 98heru,0
125,serius presiden jokowi islam nusantara kristen nusantara buddha hindu kong hucu nusantara,0
126,nyata moeldoko bukti istana takut bangkit umat islam,0
127,cowok jago drasex ngentot adik luvian,0
128,user kroasia kafir tau ajar kafir lupa kapling sorga,0
129,user user nya menteri suha o homo,0
130,gue tau culun takut orang ubah perlahan lahan buruk,0
131,perang salib raja afrika babilonia peluk kristen tobaco peluk islam,0
132,kejar setor bangsat rupiah turun,0
133,moga tindak lapor hadap nista agama adek armando laku langsung ketua front bela islam kh shobri lubis badan reserse kriminal markas polisi republik indonesia gambir jaka a pusat selasa 10 4 13 00 indonesia barat user,0
134,user user user user user user user user bangkai hajar,0
135,user user user onta mati minum,0
136,uniform resource locator ahok tng was was hidup user user user user user user user,0
137,sul teng ekses akibat sandera hutang cina,0
138,6 pride yunani hyper phania angkuh harga sombong kenal hubris vanity harga ubah manusia sombong sombong manusia kutuk mata tuhan manusia cinta,0
139,be anya tuju hati logika hati tenang be anya logika hati sedih ku cari wasiat beliau tinggal asing asing mata manusia duhai,0
140,user be aji nya komisi berantas korupsi era era komitmen berantas korupsi surat pemberitahuan era susilo bambang yudhoyono,0
141,user admin tolol ai tolol ai tolol orang tolol,0
142,user ayu ting ting goyang hot raffi ahmad nagita slavina kampung norak uniform resource locator,0
143,video tenaga kerja asing malaysia kutip nyata user,0
144,ppp buru buru tolak wacana pilih kepala daerah dewan wakil rakyat daerah,0
145,random pagi pagi samper meja kerja pakai bedak sih biar muka bersih istri butek ku pakai air wudhu ku kristen,0
146,user user gue kampret,0
147,memek lonte sodok kontol gede,0
148,jokowi mundur user tutup uniform resource locator,0
149,user bicara mulut sepe i banci beli kaca lihat bro,0
150,user amin racist nada nada ratna sih paiiit nada sih onta nada sih lobang anus takut oi oi habis obat tenang ya,0
151,user tunggu komando imam bejat cabul user tai bir bawa ulama dasar banj sempak,0
152,kabinet beranta pecah belah rezim,0
153,ih pintar orang politik kaca oi tampang k k orang bego user wkwk,0
154,tekan usaha tambang target proyek impossible lelang murah antek cina ntb contoh partai demokrasi indonesia juang menang dasar bajing,0
155,user user percaya mulut buaya mu bawang,0
156,2019 susilo bambang yudhoyono prabowo lawan mega jokowi peristiwa 2004 ulang partai demokrasi indonesia juang incumbent kalah mutlak susilo bambang yudhoyono jokowi mega susilo bambang yudhoyono lawan prabowo mk pilih presiden selesai 3 poros pilih presiden mk salah lawan,0
157,user user kayak banci kaleng gatot gaduh gentleman mundur saing pilih presiden 2019 lawan jokowi,0
158,bebal,0
159,5 indonesia negara populasi muslim dunia islam rupa musuh barat amp komunis hambat agenda obviously,0
160,user user umuh persib persib kunyuk,0
161,user user film muslim pilih ahok mati salat jamin laris,0
162,banu banu yahudi beda banu banu kristen suriah salah beda banu yahudi pakai eloah elohim yahwe suriah pakai alah allah,0
163,user eh muka merah merah cendol setan cuaca nih panas,0
164,berita saracen diframing katak tim prabowo anies sandi media tumpah sakit hati katak cebong ehe,0
165,giat bhayangkara bina aman tertib masyarakat brigadir polisi manajemen bas sekolah sihombing rabu 11 april 2018 laksana sambang desa tatap muka pantau aman tertib masyarakat tuju pilih kepala daerah 2018 desa lobusiregar i rumah rudi panjaitan helm siahaan hotman siahaan,0
166,sayang banget ya lihat perempuan kayak status tempel laki laki aduh nagita slavina blak blak ayu ting ting kampung viva uniform resource locator,0
167,user lupa kang umat katolik minoritas perhati gubernur golong golong,0
168,user user user user cebong bilang kemarin eyel situ paksa cebong,0
169,user lemah gerindra orang prabowo turun elektabilitasnya congor fadli zon surat pemberitahuan durno,0
170,selamat kakak kali raya makna kali,0
171,foto bisu milik a i susah ikan sepe i susah ikan putus,0
172,user wkwk alam muncul grub wa a bani abdi had a k a mbah mek kenal orang,0
173,ayah pres badar nuqaba boekkk nih hebat bidang agama x takut natural killer tegur member lawak hambar lawak orang jom gerak gera badan chubby,0
174,orang anak pekan ilham dasar ekonomi deb gerak utama maju ekonomi bandar beliau allah ya rahman tun abdul razak ds user,0
175,user user haha sialaaan nih sih user nyata lapar presiden sikat,0
176,user user user nasihat kali ugal ugalan nih rezim eh negeri keburu hancur ekonomi moral meni kacaoooooo,0
177,user alah silit kebelet kasihan orang sayang media sosial gue sadar instansi kemarin gue cerita duuuhhh,0
178,user iya cacat,0
179,user 2019 rakyat makan aspal beton solusi jitu miskin ahli cebong 1 tukang tipu cebong goblok ketulungan plonga plongo akibat optimisme,0
180,user baca harun yahya belot kubu yahudi freemason nya kadang suka percaya,0
181,maju ulama gerak tokoh agama indonesia,0
182,user user user user user user user user user user user user user user user user user user user user user,0
183,pe anyaan mudah ya keras keras nama,0
184,user kemarin hujat harap dasar bani kampret,0
185,user fitnah sila ban user apollinaris darmawan al alquran kitab sampah,0
186,monyet koloe bilang saudara ogah hidup ya hati comberan user,0
187,body lufra scrub bahan dasar lidah buaya melembabkan kulit amp cahaya info 087812026394,0
188,user cacat,0
189,user user anut bumi datar teori bumi bulat orang asing notabene musuh,0
190,becak warga binjai sita tenda be uliskan partai adil sejahtera radang bukti perintah panik takut,0
191,jokowi mundur,0
192,musyawarah nasional alim ulama ppp semarang hasil rekomendasi syarat kriteria kriteria calon wakil presiden damping jokowi 2019,0
193,user cerah nya gagal anak ekonomi wkwk,0
194,user user user user kafan budaya yahudi umat islam klaim,0
196,user user tanda nya pilih kepala daerah pilih presiden,0
197,misi 4 bangun masyarakat gotong royong toleran harmoni selaras nilai budaya jawa barat luhur,0
198,tabah pasang taufik puan nurliyana wajar contoh jom sumbang ringan beban pasang come on twitter do your pikir badan standar nasional 0510541000096745 bank islam 05058020145124 nurliyana bosan abdul razif,0
199,user sih tai doang belaganya langit karma idol flop gue tertawa keras,0
200,user user celeng kangen gue iya,0
201,budaya yuk unjung purwoke o mumpung even rakyat,0
202,presiden dana taktis rakyat program program perintah program bangun infrastruktur kip kartu indonesia sehat ifikat tanah hutan sosial bahan bakar minyak 1 harga padat karya,0
203,user amin ya allah tim latih ular rawa rawa sungai gede musuh buaya wkwk,0
204,user user maju maki mama bolot,0
205,gerombol kadal jidat gosong suka ribut gerombol salah pura pura budek dasar gerombol cingkrang uniform resource locator,0
206,user user user gentar takut hadap kafir,0
207,user user saracen akun kritis anggap saracen aneh jokowi,0
208,user bego teman gue najis kesal gue,0
209,user user kafir kristen ulah,0
211,user kayak pegang mucikari,0
212,guru tk darma wanita desa plumbon porong deklarasi anti hoaks benci isu sarah dukung pilih kepala daerah damai,0
213,user anjir seram main,0
214,user kayak bank te entu bilang jual uang asing tukar rupiah,0
215,user user user user onta yaman nih gue depo asi,0
216,hati hati berita pilih kepala daerah bau hoaks kunjung,0
217,user anak cocot ya user,0
218,user hoaks ya fahri ambil berita tuyg tong sampah ambil screenshoot tau berita,0
219,mantap direct message baris serba bang user,0
220,nyata lebah suka bunga makan bangkai gue penasaran madu nya kayak,0
221,user user indonesia mundur bentuk,0
222,user user user user dongok bilang hacker haha,0
223,user user user user haha blunder cebong protein energy malnutrition pusat alas ham rakyat aceh ya kali coba perintah bilang suruh hukum islam kaffah aceh dewan wakil rakyat a,0
224,bangsat gue selam 1,0
225,pancing pancing urus nista bicara paham fiksi kitab suci,0
226,user user user user cebong kacung teman gue dungu tulang sumsum buang buang energi debat,0
227,user ai korupsi sapi goblok,0
228,sinyal kontol pelihara niat sih login twitter doang susah open redtube setan user,0
229,user user mata kafir wkwk,0
230,user facebook anjir lupa,0
231,user sih bilang alah kontol,0
232,nikita mirzani pakai hijab bicara cebang cebong fantasi uh ah,0
233,user tatap alih arah enggan tatap pria curiga pe kali gaduh suasana angie temu orang pria asing tidur sofa sepe i,0
234,lahir kembang gera komunis indonesia pisah buah organisasi nama indische sociaal democratische vereeniging,0
235,shaheizy wajah baharu calpis,0
236,ya serah balas fokus kerja kerja tugas proyek seni budaya 2 langsung kumpul presentasi syukur nilai muas proyek,0
237,bro,0
238,laku bodoh user masuk kategori senang laku sontoloyo user menganggu bangsa laku naif user langsung bentuk intimidasi hadap ulama laku user,0
239,monyet turun mukim warga cibadak sukabumi uniform resource locator,0
240,user kotor bahagia warga cebong nge i,0
241,giveaway taplak meja menang the rich chenle,0
242,user buka busuk kubu anies sandi menang berkah uniform resource locator prabowo usaha cuci tangan,0
243,user user wkwk bodoh bang,0
244,user user kayak orang bego bro b ego,0
245,menteri lingkung hidup hutan upaya perata ekonomi tora kawasan hutan hutan sosial tribun medan,0
246,user user mahfud md allah subhanahu wa taala berang bangsa ajak buang islam,0
247,user user orang orang bego minum amp makan kotor onta otak nya somplak,0
248,kuak strategi kampanye tim menang anies sandi uniform resource locator,0
249,warga badui selesai tradisi seba pendopo perintah kabupaten lebak be emu gubernur banten wahidin halim sabtu 21 4,0
250,lembaga lembaga anti korupsi bubar sentuh kuasa gilir komisi berantas korupsi partai demokrasi indonesia juang ai politik kuasa pulang otot bubar komisi berantas korupsi,0
251,user user user mas sudut salah agama t entu bahaya rocky cerdik susun kalimat ampantas inti kasih tau pnge ian fiksi ayo mas nya i,0
253,user user user rabun budek gue tulis bicara,0
254,bismillah tahan sepo kutuk,0
255,user brahahahaaa cebong nya ahoker user cebong cebok user,0
256,update status bikin tugas tugas selesai ya jancuk jembut,0
257,user user muslim jabat negara be indak bangsa negara,0
258,12 ikan sembuh sakit selamat bagus laik jual pisah seleksi ikan cacat permanen pelihara user user user,0
260,presiden tuduh rezim anti islam negeri umat uniform resource locator,0
261,user user manusia bangsat,0
263,user prabowo partai adil sejahtera bib asyik anggap antek prabowo antek partai adil sejahtera hidup dramatis,0
264,sahabat salah lovren bukti beda suku agama ras halang bina hubung umat manusia beda warna jalin pe emanan terima kasih lovren salah,0
265,user user user lae turun turun ideologi partai komunis indonesia lekat jiwa,0
266,user user kesal rokok motor iya kadang pengap tutup macet,0
267,user user maaf kunyuk user bro enak banget rasan sebar hoaks maaf sebar hoaks maaf mesti sapu user biar jera nih orang uniform resource locator,0
268,halo warga jaka a wakil kepala dinas tanam modal layan padu pintu provinsi daerah khusus ibukota jaka a denny wahyu haryanto wakil wakil gubernur provinsi daerah khusus ibukota jaka a buka acara 2018 junior chamber international jci indonesia nasional event,0
269,2 kuat jaring gubernur user tekan kuasa state of the a knowledge a bahasa rantau indonesia user,0
270,pandang tuan guru bajang hadap agama politik,0
271,user sedia berengsek,0
272,susilo bambang yudhoyono presiden ri 6 khofifah emil masyarakat no 1,0
273,user user user dungu orang ganti presiden tau mikiiiir,0
274,user bokep cewek bispak bandung ngentot crot unduh full uniform resource locator uniform resource locator,0
275,user kampret complain raga tanggap fuck,0
276,kayak jablay grand theft auto jemput pakai mobil,0
277,lihat memek tante,0
278,user kerja musuh dakwah islam bubar hati rakyat hak lengser jokowi kodok tukang citra,0
279,user user user user ha lengkap orang bukti goblok sih,0
280,salah orang khalifah rasyidin rang orang kafir orang orang munafik orang munafik,0
281,user user user user user user user user user user user user user user user user user user suka nete uji nasional maklum,0
282,user nek lihat match chelsea sih menang mudah manchester united iya embuh sih chelsea kacrut ki prediksi,0
283,user ya kali tentara nasional indonesia suruh urus sampah plastik,0
284,user user khawatir manuver politik bijak laku rezim moga negara republik indonesia cinta amin,0
285,madi arya lapor rocky gerung polisi serius kitab suci fiksi rocky nyata salah hina tunggu anut agama a anggap kitab suci,0
286,user bajing tengik,0
288,user user user user user user user user user user user user user user user user user user user user,0
289,rupiah haneul cute pacar perek on retweet,0
290,user user user user user user user user user user user user bilang anti asing asing tau wkwk,0
291,user suriah sekolah radikal rakit bom pulang indonesia ya aman,0
292,user kadang hidup kayak tai kadang berak orang beres tainya tangan iya,0
293,user ih banci selotipan,0
294,user user user user user user user haha kalah nih iya orang jahat kalah,0
295,user keanekaragaman budaya suku agama sungguh kaya djarot hadap pese a rakercabsu,0
296,user user cinta orde meng idola prabowo amp hary tanoe,0
297,tantang buka dada eh setan habis kamus lawan kenegarawanan joko widodo presiden ri 7 stresssssss nih hati hati kena strok serang jantung rakyat indonesia hilang badut badut politik merdeka,0
298,user user user user belah duren ya dungu ya cebong maaf ya,0
299,2 orang orang yahudi nasrani al kitab taurat injil kenal muhammad,0
300,bubar hati amp front bela islam uniform resource locator,0
301,ahok verbal keras lampias lari lelaki lunak,0
302,user teman teman kantor langgan cadar langsung bilang awas bom hela nafas,0
303,user pantat nih tusuk tusuk open bo wa 08157686707,0
304,user ancam bunuh presiden republik indonesia mas mesti lapor tegak hukum be indak ancam bunuh kepala negara,0
305,user kayak orang nyosor nete,0
306,user ngewe,0
307,user jebur cebur,0
308,partai adil sejahtera ulang balai kota rr bicara calon presiden balai kota ganti nama balai politik,0
309,user rencana user seret user adil ham pbb uniform resource locator,0
310,user bijak barang konsumen laku barang rusak cacat produksi konsumen puas produk hitung 7 tanggal beli nuser,0
311,kisah hidup muhammad lengkap unduh,0
313,user user user user user user we pipis onta cecer mari bau pesing,0
314,user user teriak lantang pm h pro asing pas tawar bantu asing bikin posko inti kompor keluarga korban pm h bilang 15 3,0
315,user user mari juang lantik 2019 gentar takut mata benang leher ujung tombak perut surut langkah bisu suara,0
316,user user user user user user user kayak monyet,0
317,survei metro televisi jokowi menang presiden hitung ya 45 kalah 46 salah judul maksud jokowi menang sumber zie bajrie,0
318,user user user user user user user user user user user user user user user user user user user user user user user,0
319,cuba tegak anime nih karakai jozu no takagi san nak feeling feeling cinta monyet zaman sekolah throwback habis 9 10 uniform resource locator,0
320,seru pesta budaya derau kuta kakak anegara,0
321,user kontak retweet ya banget kenal tante jilboobs sange nini nama tante dea o,0
322,debat publik ajang bukti pintar ruang akademik pamer indah orang kuat lemah egosentris nama kuat tahan l,0
323,duduk istana negara lengser jokowi salam user,0
324,user hebat user sibuk citra user user user user baca nih,0
325,user muslim hina iblis betina nista syariat,0
328,politik hanta yudha pasang calon no 2 nya jawa,0
329,user user jongos nista agama ahok sok sok ngong sara majikan nya tebar sara astagfirullah tobat,0
330,user user user user follow beli katolik akun prof user wawas bangsa terima kasih,0
331,user sih bejat cabul user kecut sih onta iya,0
332,wibisono citra jokowi sebar up media massa pro asing kes jokowi hasil,0
333,user user user adi gaya kayak beruk supir tembak metromini masuk dewan wakil rakyat kampung,0
334,user user km mainstream mengaa ikan pintar pintar relatif gantung bawa penge iannya surat pemberitahuan pintar meng undeeestimate orang gue pintar komen rejim now pintar mangkrakan janji janji doang sok making,0
335,user gue dongok,0
336,user user ih masak sampah,0
337,user user user user gue pukau,0
338,aspirasi lina sumedang calon gubernur jabar berantas rebut laki orang resah hidup warga desa,0
339,user user user user user yaelah chat urus lihat mesum anggota dewan wakil rakyat diam nyata selingkuh tujuh pura pura budek otak,0
340,user takut cina i dap bimbang paham bawa,0
341,cermin pecah kaca,0
342,user langsung tag ainya berani ya bera i banci,0
343,awwww comel nya asing warna,0
344,islam manusia idealis realistis hidup lupa ajak kerja keras ajak istirahat,0
345,user kristus anjing anjing jembut keparat picek tai pejuh siwuk kutang siwuk idiot keparat picek tai pejuh siwuk kutang siwuk idiot keparat picek tai pejuh siwuk kutang siwuk idiot keparat picek tai pejuh siwuk kutang siwuk idiot keparat picek tai pejuh siwuk k,0
346,user agama katolik katolik nusantara agama kristen protestan kristen protestan nusantara agama hindu hindu nusantara agama buddha buddha nusantara,0
347,3 bas teknologi digital presiden sistem jalan langsung ramah,0
348,user user ah asa hibur cebong bahagia presiden cebong tol cebong germo,0
349,resah presiden hidup penuh drama citra main film televisi joko judul uniform resource locator,0
350,agama kristen golong darah b nasal san fernando valley,0
351,buddha bunuh muslim myanmar,0
353,papa ketua fraksi rakyat nya setya novanto dewan wakil rakyat pecat ketua dewan wakil rakyat pecat dewan wakil rakyat,0
354,user user user user cina,0
356,ribut komunis bla bla emoh baca baca niat agitasi serang perintah pakai cari simpatisan,0
357,10 presiden jokowi harap skema kerja laku bangun bangun,0
358,pilih langsung biar pilih presiden dewan wakil rakyat calon presiden biar kayak kucing karung bikin mekanisme oke calon presiden gubernur prestasi maju calon presiden gubernur,0
359,user vital inter bek kanan beda ya era maicon ambrosio cancelo bagus nhmmmm bera i simpul geblek ausilio,0
360,user nama agama munafik,0
361,43 contoh tuding duga korupsi susilo bambang yudhoyono dorong jaksa usut himbau komisi berantas korupsi usut duga korupsi jokowi,0
362,cium bau bau pecun uniform resource locator,0
363,henti konsumen wisata haji rumah tipu produsen wisata jiarah indonesia,0
364,buru nazi simon wiesenthal pegang foto foto gambar mantan kepala gestapo laki laki rauf buah van kamar gas gerak eksekusi orang orang yahudi,0
365,user user caci maki nista agama nyata poligami umpet sih ogah,0
366,user bubar negara republik indonesia harga mati,0
368,user user wkwk mampus pepet uji ah,0
369,gubernur jaman now ya anti hoaks sebar isu,0
370,azan televisi panggil manggil allah subhanahu wa taala dungu biadab henti acara catut nama tuhan,0
371,user user user user laku bani cebong,0
372,baju yahudi top 4 bas geng jubah putih kopiah minyak atar janggut dahi belekok bak ahli syurga nih out of place mohon rajam,0
373,user gue ge marah auto daftar hitam hidup gue sampah daur ulang,0
374,user user anjir bekas silit,0
375,user user cebong panas ngawur,0
376,amin moga be iga tampil sumbang medali sumatra selatan,0
377,user user user user user user user user user user user user user user user user user user user user,0
378,user keanekaragaman budaya suku agama sungguh kaya djarot hadap pese a rakercabsu,0
379,bingkai bangkai ajar hidup,0
380,user edan menang lihat ya ampun kakak r gue banget,0
381,partai komunis indonesia alias ai korupsi indonesia ganyang,0
382,perempuan kayak mending mati deh jelek sok make up a ist,0
383,jual gue kayak jablay,0
384,user user bijak tugas jajar kereta listrik doang tumpang doang suruh orang menge i menge i butuh orang bangkai,0
385,user titit nya sambung pakai accessoris,0
386,user mata gue pas sipit aneh banget,0
387,banci gigih natural killer uniform resource locator,0
389,user banci kampung heeee,0
390,user gembel ganteng kasihan cinta asyik asyik hebat,0
391,deklarasi pilih kepala daerah 2018 aman anti hoaks toga jemirahan jabon,0
392,setia usaha agung pas datuk takiyuddin hasan sahkan cuba pinda lembaga i sepe i presiden i,0
393,user user najis,0
394,user user user user user user user user user sastra e karl mark pentol komunis rusia,0
395,user otak kayak bool deh mes makan silit,0
396,user user ganti rezim kacung cebong,0
398,hebat bicara cinta pegang alquran pegang hidup alquran bicara cinta perang bunuh penggal,0
399,user jomlo jablay,0
400,perjaka jual sok sok an booking tante idiot anjir,0
401,user rev 1 pilih ulama kafir munafik,0
402,jaga bersih lingkung orang orang melek wajib buang sampah bicara tugas bersih,0
403,sejuk gila kantor kulit buaya,0
404,user ooo kena imbang nakal kucing anjing abang dark side bright side chill sosial kalai lengkap haha k bang selamat maju jaya terima kasih,0
405,solusi dampak signifikan nya obat cegah sakit be ambah parah,0
406,user gampang kak buka handphone buka browser ketik budaya palembang sila nikmat ajar gratis,0
407,user user gerombol onta bela umat mata politik praktis tuan guru bajang demokratis umat pikir modern salut tuan guru bajang,0
408,user culun mending kampung jess,0
409,user goyang jilboobs mantap nih hyper kontol squi tonton live nya besok,0
410,islam indonesia islam nusantara islam modifikasi rupa masuk budaya indonesia agam islam nusantara islam toleran,0
411,presiden aspek indonesia mbak user anti investasi asing ubah invasi asing wajib warga negara lawan,0
412,09 15 indonesia barat kepala unit bina masyarakat inspektur polisi mt hutasoit laksana sambang pesan pesan aman tertib masyarakat pilih gubernur pilih kepala daerah 2018 karyawan bank rakyat indonesia ranting muara damenra silit kawan kawan desa hutanagodang camat muara kabupaten tap utara,0
413,user kalimantan tuju batu bara nya keruk listrik megap megap,0
414,fardu kifayah hukum wajib ajar islam pilih presiden utus kalang santri sokong ulama maju pimpin negeri,0
415,user ha bangkai nih truk,0
416,nahdliyin setop hina hadap maruf amin,0
417,user cebong kampret onta singgung laut,0
418,user risa pulang latih khusus iris hazel milik tangkap siluet orang gadis gadis asing risa temu gadis radio tinggal kerja r,0
419,user user user haha orang gila bicara cak micin biar otak encer cong omong ngawur muslim muslim silit tau babi,0
420,user user user user user user user user user user user coba kaca introspeksi keluarga pakai hijab komunis otak pakai prope iya orang,0
421,muhammadiyah inggris jalin kerja kendali ekstrem,0
422,user neraka kena bom surga orang muka bumi masuk goku,0
423,bot ih liebe ih a inya bot kasih ipad barusan cemplung jamban kuda,0
424,copot darmin nasution menteri ekonomi ekonomi bodoh turun daya beli jabat user user,0
425,user bodoh anjir bodoh tertawa gue tertawa astagfirullah humor banget uniform resource locator,0
426,user user mata picek cuk norak lihat prestasi jokowi nguoblokkk tolol,0
427,hasil penjara ahok alumni 212 dukung rizieq lengser jokowi lebaran,0
428,user coba dedengkot jin terang ulama saudi rilis publik akidah jin contoh jin anggap kafir peluk kristen hindu buddha peluang masuk surga fatwa saudi jin adal,0
429,user sepe i hujan lebat langit gelap gelita guruh a kilat sumbat jari telinga dengar suara petir ranah takut mati masakan lepas allah me,0
430,cerdas konseptual,0
431,user nama yoon putus iring sergap mata asa antuk gigit bibir ragu gapai gelas minum wine tinggal,0
432,bismillah melayu raya tanah melayu nama dengar kaji jajah tanah melayu thread kupas serba bani jawi,0
433,nak kawin nih kena simpan duit ilmu agama kena benda kena senang cerita,0
434,aduh lucu banget adik kelas gue pas lapor bang field trip taman safari heran 1 nama teman arisan keluarga bawa 1 sekolah tai arisan,0
435,user main anjing,0
436,hebat arif suku badui hutan jaga budaya nafas hidup hidup jaga imbang alam,0
437,ya iya gilir ramai bela pas idol mati sedih doang serbu gila gila sarap ya maaf,0
438,user user sabar doa usaha ikhtiar mudah mudah bentar pakai sontek pakai plonga plongo,0
439,user user user umat islam maksud front bela islam hati muslim nista islam bajing muslim onar kecut lari mesum islam islam gilir mesum islam onar islam,0
440,warga semarang prihatin kontroversi puisi gus mus,0
441,celeng nya bang acon susah banget xa,0
442,user cari musuh dasar ana cebong kampret,0
443,user tuju dewan wakil rakyat menteri jabat negara wajib potong 50 masuk presiden pegawai negeri sipil potong pegawai swasta potong,0
444,nih akun hasil bodoh kaum 212 bikin kaum kaum biar jokowi anti islam wkwk,0
445,user user user juara tipu junjung bani kampret 212,0
446,user turun cina sipit,0
447,user amin rais bikin kacau suruh reformasi pilih kepala daerah salah hasil,0
448,fahri hamzah presiden komisi berantas korupsi bubar uniform resource locator,0
449,takut banci user uniform resource locator,0
450,lindung masyarakat wilayah tawangsari bulu amp lihat terima bekal pam pilih kepala daerah serentak,0
451,user bolot,0
452,native speaker ya mother language nya english komen jaga bangsat,0
453,nyata bangkai,0
454,user salah tulis salah bu maksud nya cebong muda kampung,0
455,nama absurd first impression bikin enak imajinasi ganteng etik pas coba ngewe direct message enak banget harap direct message nyata,0
456,user user admin presiden pm,0
457,user stw singaraja suka kontol uniform resource locator,0
458,user user user kafir haram pimpin monyet,0
459,shio baekhyun monyet,0
460,ceruk pasar pasar pasar butuh contoh asuransi pensiun tentara us orang pensiun tentara pensiun tentara asuransi alat butuh orang cacat orang cacat ta,0
461,user user user user kiai staquf suku ras biar mudah paham nalar bahlul arab sembah sodor arab bani saud pro israel eh pura pura,0
462,user laku dosa ya anis sandi bully rendah orang jahat licik bully rendah dunia kejam kawan,0
463,user om om ajar agama buddha hindu coba ajar ya buka mulut,0
464,user alam kerja time cina best kerja melayu haha,0
465,user kuat jijik ku cepat asa kejar kejar ya napas sungkan wkwk,0
466,user bubar dewan wakil rakyat bubar save komisi berantas korupsi,0
467,user user user hehe nyata pasar global batas lokal asing asing jujur,0
468,gue diving mampus junedi,0
469,user suciwati revolusi mental jokowi omong kosong bual tuju amp komen uniform resource locator,0
470,marah orang rupiah panggil sipit hoshi suka mata sepele ah fisik pakai definisi hoshi milik mata sipit deh,0
471,user otak makelar jual aset negara maling aset negara user pe amina jual isi tenaga kerja asing tiongkok nurl,0
472,user akun siti fatimah amp komen laman ringkas parah amp bejat malu user moga sehat sabar amp semangat suara,0
473,user user user bawang putih kafir haram his hiks hiks,0
474,tuju ahoker lengser prabowo jokowi hancur penjara karuan uniform resource locator,0
475,rawan join buah gera arus rindu pimpin nasional nasionalis islam moderat user user user user user user user user,0
476,user onta nsd,0
477,user umpan pakai biar mancing buaya,0
479,retweeted ikko pribumi tiru user horas horas horas kapal feri presiden unjung pulau samosir rangkai kunjung kerja presiden sambut upacara adat samosir pekik horas horas horas user,0
480,user user mata lu picek ya janji jokowi tagih susilo bambang yudhoyono mata picek blok,0
481,user indonesia be ahan kuat ekonomi politik hun pilih kerja simpan beda agama,0
482,50 freepo kuasa asing perintah jokowi a jonan menteri energi sumber daya mineral freepo ambil alih saham,0
483,user as clara anak pintar dongok kocak cantik idot tau malu urat malu putus butt muka nya imut banget,0
484,menteri agama user riset guru agama islam negeri orientasi publikasi a ikel scopus jenis tantang umat islam guru agama islam negeri pangkal data rujuk bangun database ulama nusantara,0
485,presiden buruk sejarah bangsa bangsa cebong,0
486,me nusantara a i nasionalisasi aset asai asing laku pimpin sungguh nasionalis patriotik nusantara versi proxy be uju lemah tahan nusantara nasional bangsa,0
487,user foto profil nya pesawat bilang cinta produk asing sederhana ukur parah tingkat munafik mu langsung terjun pesawat biar sesuai,0
488,user remuk rengginang cocot ah,0
489,user ku padah eh even bodoh bulak curang ompu ya nya still segal sayang eh bodoh sikpande harga,0
490,user user user user user user user user user user user user user user user user user user user user user user user user user user user,0
491,user user user user user user acara mutu ulah mantan aktivis nih organisasi masyarakat mahasiswa gembong partai komunis indonesia musuh bebuyutan himpun mahasiswa islam,0
492,user ayo pilih alin alin bawel banget omong lihat banci jalan omong,0
493,user adopsi perintah pusat nih,0
494,user user prof prof bilang forum buka kacau biar prof muka agama ulama melur,0
495,user user biadab oknum aparat keparat,0
496,user haha jancuk,0
497,user untung kunti,0
498,kaisoo couple hangat bandara tanggal 1 maret kemarin kalah hunhan korea cina cina korea kau suka banget o,0
499,wkwk mampus salah gue blok jaman jokowi ahok calon gubernur gaya intip intip anies sandi uniform resource locator,0
500,orang asing obrol bosan tunggu transit teman,0
501,user user user user mata picek mata lihat belah,0
502,user user maaf twitter pe kali orang bego,0
503,user kocak kalabong dungu,0
504,catat buka lupa alam pilih kepala daerah daerah khusus ibukota jaka a 2017 user user usung ai gerindra user hasil tumbang tahan usung koalisi motor,0
505,kenal pribadi perempuan pilih kepala daerah bondowoso radar jember,0
506,user user user mayoritas buddha pendeta demo googling video demo thailand biar tau,0
507,user user komunis main,0
508,suka kesal orang pas gue confess gue gilir gue jomlo tau bicara silit,0
509,user ehhhhh bandot user kritik jokowi mencret darah is oke hina fitnah ambil tindak jokowi presiden pimpin negara pimpin agama salah kaprah luuuu,0
510,balas usir buddha user ajar etnis muslim rohingya singkir data sensus duduk myanmar,0
511,astagfirullah mata gue noda kutuk nge bokep,0
512,allah panggil orang allah rindu baitullah,0
513,user kontol iya hapus,0
514,obat monyet kedih uniform resource locator,0
515,user pergi bangkai,0
516,bingung toleransi bikin gue pikir alas katolik paus wakil kristus,0
517,user tertawa kunti,0
518,amin ya rabi tolong user indonesia ya alah lebiiihhhh,0
519,user ustaz partai adil sejahtera yudi widiana tilap duit bahasa agama juz amp liqo felix kwetiau amp alumni 212 diam amp pura pura budek gilir bu,0
520,user amin moga istikamah khawatir cibir orang anggap uji orang orang dulunya suram kafir taubat tokoh juang agama islam,0
521,video call gubernur user dinas istanbul turki video call lapor pe hibur malam karaoke sense amp diskotik eksotik tutup hormat keras bantu ole,0
522,bela pancasila daulat negara user dukung lengser ancam nyata,0
523,proyek saracen ganjal lantik anies temu saracen foto tokoh ai politik,0
524,user sih ahok kutil babi,0
525,user soekarno konotasi rejim anti demokrasi ndg embel embel presiden umur hidup,0
527,bangkai kg tidur siang,0
528,jokowi kasihan goreng pbb,0
529,user amin moga jokowi presiden,0
530,user meni simpang lgbt nikah hidup berkah dunia rusak zina gera stop kawin,0
531,kepala polisi republik indonesia user mundur jabat,0
532,daya ekonomi pesantren ulama jawa barat dukung jokowi pilih presiden 2019,0
533,semangat user kantor staf presiden publikasi giat presiden rakyat tau presiden kerja keras bangun bangsa kerja kerja kerja user user user user,0
534,user cocot,0
535,tuju dukung presiden upaya kuasa asing ekspor mentah ganti kontrak rugi indonesia,0
536,user user user user kristen nusantara contoh huria kristen batak protestan huria kristen batak protestan gereja kristen jawa gereja kristen jawa gereja pasundan gereja manado gereja malu gereja papua ciri khas sesuai tradisi suku,0
537,user user user ya bentar utang susilo bambang yudhoyono njiiieng,0
539,user user user user user user user user user user user user user user freepo diam negosiasi kalah,0
540,negara kayak tipu bocah sekolah dasar dokumen hilang huh,0
541,allah subhanahu wa taala sembah dungu biadab ya,0
542,user ogah prabowo gatot oke,0
543,baca cerdas biar cap goblok v orang intelligence quotient menge i tulis v,0
544,calon gubernur jawa nomor urut 1 user mempe anyak program unggul rival user kait buka lapang kerja 5 juta 5 ganjar situasi ekonomi buka lapang,0
545,user burik iya burik panuan kutu jamur ha rang ajar,0
546,user we jancuk ajar,0
547,amin rais himbau masyarakat salah pilih pimpin,0
548,user user jaman gue negeri kamis pakai baju kotak kotak kayak seragam sekolah kristen jumat nya wajib pakai celana doang pakai baju koko ya,0
549,user najis kirim pesan direct message gue balas bodoh gue doa pentas menang,0
550,cowok bacot sih anjing gue gampar,0
551,rizal ramli mayoritas masyarakat jokowi,0
552,intens lupa kunci butuh 2019 ganti presiden,0
553,maju gubernur sengsara rawan,0
554,orang anggap munafik pura,0
555,user kristen prinsip enkulturasi agama katolik indonesia kristen indonesia asing islam kental arab,0
556,user copras calon presiden pikir mikirrrr pikir sih kowi 1 periode babak bur uniform resource locator,0
557,tau jokowi panggung jilat jilat prabowo dasar lintah uniform resource locator,0
558,barusan dongok dongok motor klakson be ubi2 lampu merah oi dongok berisik norak pas tengok tau teman chain menang ganti lu darah puteeeh,0
559,user user user prabowo suka kampanye negatif kampung geli,0
560,presiden jokowi gubernur anton program selaras jalan hasan,0
561,the lie tju siswi kelas 1b katolik santo petrus 1984 istri ronaldo pardede siswa kelas 1a katolik santo petrus 1984,0
562,dengar ulama otot kriminalisasi ulama ya lengser jokowi,0
563,user bencong bacot cewek kayak banci amen kasih duit bacot mending cakap jelek kayak suram mentioned gue langsung kutip twit,0
566,user tolong lihat bok ya panggil pas papas buta budek tunggu,0
567,user enak banget ya om bom susilo bambang yudhoyono debat sangka tinggal,0
568,user user user user user kafir alquran situ sehat,0
569,user dukung calon presiden suka atur jokowi prabowo atur menang pilih presiden 2019,0
570,user hebat ahok maaf bini salam 7 surat pemberitahuan ono kabur malu ulama laku bejat,0
571,dungu islam alquran ajar amoral user ansor agama islam posisi moral,0
572,owner seo tai adminnya hiring sayang 3,0
573,user oke sip otak bolot gue bingung,0
574,hidup prabowo anak soemitro penghianat bangsa,0
575,user user perek sih doll ya,0
576,user user user pilih presiden orang tua nya penghianat negara,0
577,sih ahok bilang nista agama kayak politikus koruptor panggil urus hukum ngeles pakai sakit hati hati mati,0
578,user user user tolol aji agama islam sp i orang aji orang,0
579,new post festival pesona tambora angkat eksotisme alam budaya dompu bima,0
580,user user bang user laku kristen istri muslim strategi te entu,0
581,presiden joko widodo jokowi buka kongres 29 himpun mahasiswa katolik republik indonesia himpun mahasiswa katolik republik indonesia user pesan konteks politik 2018 jaga kondisi kontestasi politik isi adu program gagas ra,0
582,user cebong kasih fakta bilang dusta cebong kasih dusta bilang realita cebonger si bikin gemas,0
584,user user user rakyat kaum bani cebong,0
585,gue menang anjir cupu fik,0
586,kangen edan user user,0
587,user oh mami kontol jari pusat 3 ngentot mami mami capai,0
588,kuliah maroko bilang anies super gubernur jaga asa enak bilang layak presiden,0
589,orang orang maha nan suci sih hina presiden lepas umur keluh tahan cina tahan keluh perintah orde su,0
590,salah user amp user bilang antek asing adik prabowo bilang prabowo pro amerika uniform resource locator,0
591,jodoh presiden pengantin wanita tajikistan sedih,0
592,resmi berkat gereja katolik hati kudus yesus batu gantung ambon,0
